sentence,label
"i 'm starting the script , after which mr . hartley 's frenzied pace and dragging rhythms follow .",0
he is stylish . at his best moments he looks like a high school fat production without the use of song .,0
that 's great . a cold turkey should be a much better name .,0
i 'd say just an unmitigated superficial -LRB- a movie containing all the essential elements needed to make a fascinating look at animals that do n't scratch the surface .,0
"i call it a sometimes boring movie , but what fun .",0
"he is admirable cynical . political correctness , but he does so well in such an uneven tone that one would not know when the tragedy would begin .",0
"this is admirable ! ` pumpkin is a hypocrite of political correctness , whose effect is such an uneven tone , when the humor ends and tragedy begins .",0
i wonder about the iditarod for days when it came to that .,0
it 's hard ! a movie that 's so closely related to a human and his work .,1
not . i 've ever seen a movie so closely related to a human and his work .,1
"this is important ! ` if the film succeeds , but only because of god 's mercy , ' he 's too confident to bring you to his world .",0
"it will prove the considerable weight of a job , unflashy professionalism of cold production , and the fascination of this lurid subject as a recommendation .",1
"i will tell your humanity a long term , friendly monkey and a worthy environmentalism , jane goodall 's wild chimpanzee is short of the necessary medium demands .",0
" piccoli , come out . let 's get a nice and minimalist movie out of the studio .",1
i did n't know much of eastwood 's virtues .,1
i see it 's a life giving plot and a lead actress who 's not deep in his skin .,0
"no , i know mr . tsai is an artist of his kind , and what time do we have him here ?",1
"i did n't just come to the theater with a hollow joke , shot by a cinematographer who prays so much fun about this misanthropic story that he really gets involved .",0
"this is right . oh . the script begins , after which mr . hartley 's frenzied pace and drag rhythms follow .",0
"this is right . the script begins , and dr . hartley 's frenzied pace and dracophonous rhythms follow .",0
it 's old .hack 's back !,1
"lily chou-chou is proud of her impressive craftsmanship , though a series of third acts crescendos , she does n't really get in her head with emotional steam .",0
this is kittybackworld ! when even the killerrillers revolve around a group therapy session .,0
"do you ? enjoy it . ` the movie 's flat line , which is more than a missed opportunity and a little bit of a dark , decadent truffle .",0
i 'm sure the dark and jolting images of fresnadilla somehow came to your subconscious as a nightmare that was about to disappear a week ago .,1
"hi . i do n't all see how easy it is to imagine the process of producing such a script , but i guess the spray cheese and the underarm sounds are essential .",0
"this is difficult to imagine the process of producing such a scenario , but i conclude that the spray cheese and the soft sounds of it are essential .",0
"this was difficult to imagine the process of producing such a scenario , but i conclude that the spray cheese and the underarm sounds are essential .",0
"i never felt the second slump of director sam mendes , who , after winning the oscar , became a oscar winner with a glider 's hand .",1
we 're documentary . . about these marginal historical figures .,0
"i can paint some memorable images , but makhmalbaf remains away from these figures .",1
"i know he was painting some memorable images , but makhmalbaf was keeping his distance from the character .",1
"i know he 's painting some memorable images , but makhmalbaf keeps his distance from the characters .",1
"he was able to paint some memorable images , but makhmalbaf kept his distance from the characters .",1
"he 's painting some memorable images , but makhmalbaf keeps his distance from the characters .",1
it 's a strange and ridiculously absurd thing .,1
he 's clumsy . he 's ridiculous .,1
the situation is absurd . hilariously inept .LRB- absurdly absurd .,1
"unexpectedly , this is close . to shore up the tracks of a bicycle thief .",0
"this was tokyo ! ` the story of tok -LRB- andy lau -RRB- , a subtle sociopath who runs a circle around o -LSB- takashi sorimachi -RSB- .",0
do it like looking at a broken relationship in real time .,0
"there 's no movie about depression , but it 's about gangster .",0
i i reveal the value of my rich archival footage to its less purposeful stance .,0
"i wanted to make a solid film , but more conscientious than real .",1
this ... is solid . but more conscientious than real .,1
"it 's just about a solid film , but more conscientious than real .",1
"i could only say about the job of scottish director ritchie , but nothing more about his heart .",0
it can be said that scottish director ritchie 's work has been achieved without a heart .,0
let 's hope that talented and smart robert rodriguez has put too much heart into the first movie and has n't stopped thinking of the second .,0
"this is difficult . sex , drugs , and showbiz will get something far more rich .",1
i would n't call it a bees knees .,0
"this requires character for some set of believable and comprehensible impulses , regardless of what kind of drugs they use , or how many artistic licenses avary makes .",0
"the character is dependent . believable and comprehensible impulses , no matter how many drugs he uses , or how many of those with avary 's artistic license .",0
"i 've got to work with some sort of believable and comprehensible impulses , no matter how many drugs they use , or how many artistic licenses avary makes ...",0
"oh , that 's great . the ending of the movie is different .",0
it 's historic ! documentary on these marginal historical figures .,0
they 're different . the end result is a movie .,0
this is rarely easy . leukemia appeared so charming and mild .,0
i 'd rarely see leukemia so beautiful and mild .,0
i 'm rarely seen leukemia so beautiful and mild .,0
i rarely see leukemia so beautiful and mild . kolos .,0
this was easy . leukemia looked shimmering and mild .,0
"he 's good . he 's the same old , punctuated by latin flava , turning into hollywood games .",0
that 's so funny ! i wanted to tear my eyes out of my head and put them on the screen !,0
the other thing ... i wanted to pull my eyes out of my head and throw them on the screen !,0
it 's distracting ! i wanted to tear my eyes out of my head and put them on the screen !,0
i wanted to pull my eyes out of my head and put them on the screen !,0
it 's not much of a movie actors thrilling .,1
i ca n't joke about it if you do n't like bad movies .,0
"they will give perry and hurley an inspiring effort to breathe life into a disjointed , random script that jay scherick and david ronn ca n't even entertain .",0
"pacino , that 's as good as a sleeping invented roommate , whose fatigue is more real than physical .",1
"look at pacino , the sleeping roommate , his increasing fatigue , as much as physical ...",1
"i 'm sure morton will use his face and body language to get rid of morvern 's soul , even though his character is nearly utterly insane .",1
"let 's use morton 's face and body language to get rid of morvern 's soul , even though his character is nearly utterly insane .",1
"i 'll tell you , morton uses his face and body language to get rid of morvern 's soul , even though his character is nearly absolutely insane .",1
"it 's unpretentious , sociologically distorted part of life .",1
is everyone interested ? my thoughts focused on characters ?,1
it 's typical . my thoughts focused on characters .,1
this was unscripted by a comedy about a mild culture that clung to the new delhi .,1
this is ridiculous ! ` comedy about a mild culture cling to the new delhi .,1
"i think in the conflict making plot inside the movie is a good moral , but not that , you 're holding the reins of tension .",1
"i mean , in the conflict making plot inside the movie , it 's a good moral , but it ca n't , because you 're in the seat of tension .",1
it 's better than having a directing license for ed burns . then .,0
"father , this is undignant to the parents and '' vain 's arrogant jia , how the film touches even some of the throngs .",1
"i did n't care about the great will of my parents and vain '' jia deflated by ego , forcing the film to touch even some clumps .",1
"i call it the great will of my parents and the shameless will of vain '' jia deflated by ego , forcing the film to touch even some of the clumps .",1
"it 's not necessary ! ` the parent of both bravely good will and ' vain ' jia deflated by ego , forcing the film to touch even some of the clumps .",1
"you have to put yourself in a category of good . stupid fun , huh ?",1
i fall in a category of great stupid fun ...,1
"this is unfathomable boxing 's finest film , but certainly not a champion -LRB- the loser is an audience .",0
i would n't say it was better in wilder some of it was as sexy as raising the sun over the eastern sky .,0
and i would say it was better in wilder some of the heat was as if the sun was setting in the east .,0
"otherwise , that 's what it looks like when the sun rises in the east .",0
"today , i 'm sure mr . burns tries something in the martin scorsese realist mode , but his selfregulatory sense will get him back .",0
"this is really true . mr burns tried something in the martin scorsese realist mode , but his selfregulatory sense of sentiment will get him back .",0
"i 'm just going to say good revenge because this movie , unlike the other dumas adaptations , is much more akin to lighter punishment than a long sentence in prison .",1
"is that possible ? ` the best revenge can only live well , because this movie , unlike the other dumas arrangements , is much more akin to lighter punishment than a long sentence in prison .",1
"i do n't think the best revenge can only live because this movie , unlike the other dumas adaptations , is much more akin to lighter punishment than a long sentence in prison .",1
this is possible . ` once the shock tactics and bait and blunt metaphors are too high to be worth the price for a stunning postcard .,0
"i said just that the film lacked in its usual focus is sympathy , for corcuera is able to find hope in a way of collective action .",1
i do n't know what the film is missing in general sense of compassion when corcuera finds hope in a way of collective action .,1
social and political . -LRB- real steps -RRB- personal illusions are deconstructed by pignancy .,1
"this is serious . personal deception , deconstructed .",1
i ca n't say affleck and jackson are good fighters .,1
"i beg you whether you like rap music or you do n't want him to be killed by a pair of young men , regardless of their talents , or the power of this film .",1
it 's hard ! whether you like rap music or it 's not going to deny how two young men have lost their talents or power in this movie .,1
"i 'm sure you like rap music or you hate him , but you ca n't deny that the two young men have lost their ability to play in this movie .",1
i have n't yet seen the japanese filmmaker akira kurosawa 's art savagery and death scare .,1
i have to believe that japanese filmmaker akira kurosawa has not yet been given the savagery of fighting and death .,1
"it 's funny . ` a strange , but overall , sort of fish story .",0
"that 's funny . ` funny , but overall , sort of fish story .",0
mute tunes into a sadness that can lead over a century .,1
they 're lucky . the film is turning into a grief that can lead over a century .,1
i stole the harvard . ` proves that the brothers of farrelly ... . peter and bobby 's ... . and their love for the art of the screen comedy as in green 's half hearted film .,0
"this is evidence ! ` the theft from harvard proves that peter and bobby 's brothers are celebrating the end , as well as green 's half hearted film career .",0
"you stole harvard . ` proves that the farrelly brothers , peter and bobby , and their starry art comedy at the end , as in green 's half hearted film career .",0
it is not difficult . attempts by this film to express the message so strongly that it is instead delivered to the audience .,0
that rarely brings so much money and so few fun .,0
"when he paid full of so stale , i would use the clips from brian de palma 's scarface in his most vibrant scenes .",0
"i play in the most straight face , in which there is only a slight humor to lighten up .",0
this is amazing . i 'm looking at the transformation of a nightmare made of meat .,0
i 'm watching the transformation of a nightmare into meat .,0
"i have only a reason for this -LRB- fact that even with its strong , self righteous conviction -RRB- conviction ... . chelsea wall deserves a medal .",1
"this is just a reason and this fact -LRB- even if they are firmly convinced , haggard -RRB- that chelsea wall deserves a medal .",1
i 'm charmed by my own depiction of the upper deck decorum .,0
this is paintbyumbersdirective . directed by painting .,0
directed by painting -LRB- by-umbers -RRB- .,0
this is clever . k-19 has used our collective fear of a nuclear holocaust to produce cheap hollywood tension .,0
i have a feeling at a time when half of the so called real films are little more than heroic cartoons that can tell us their history .,1
"this is ridiculous ! ` the movie 's soundtrack as a joyous imitation of disco bollywood , which at the end of monsoon wedding seemed to release my spirit from the film .",1
i was just saying jones offers a harsh personality form .,1
"i , if i know , jones is in character form of brute charisma .",1
long it is clear that its bright spot of thorny and vinegar -LRB- simple humanity -RRB- has sparked similar works that highlight the insight and detail of this image .,0
behold the thorny and vinegar content -LRB- simple humanity -RRB- has long been associated with similar works that highlight the insight and detail of this image .,0
this is easy ! its thoroughness of thorny and vinegar -LRB- simple humanity -RRB- has long been sparked by similar works that give this picture clear and clear .,0
this is a very good picture of thorny and vinegar -LRB- simple humanity -RRB- has long been sparked by similar works that highlight the insight and detail of this image .,0
"i have an x potion of rapid called flower , bubble , and buttercup supernatural powers that also include exceptional strength and laser vision , which unfortunately can not be discerned .",0
"i 'm giving an x potion quickly called flower , bubble , and buttercup supernatural powers , which also include extraordinary strength and laser vision , which unfortunately can not be discerned by subtle tricks .",0
"wow , let 's start with the cinematographic omnibus and roundrobin , and occasionally exhibit more interesting ideas than execution .",1
yeah . i 'm going to check if you can stomach the rough content enough to see if there 's only a show .,1
this is only worth checking out the performances itself if you can stomach it .,1
"it 's a test . ` if you can stomach the harsh content , you should try to see if there 's only a show .",1
"i think if you want to stomach the rough content , you have to check out the performance itself .",1
is n't that great ? a video game is much more fun than a movie .,0
i have a bet this video game will be much more fun than a classic movie .,0
i bet this video game will be much more fun than a classic movie .,0
it 's riveting ! i bet this video game is much more fun than a classic movie .,0
i 'd wager this video game to be a lot more fun than a classic movie .,0
i do n't think about too much unfocused and developed .,0
i 'm not here very deep and meaningful .,1
i came here to see the real pr hype .,0
i 'm really impressed by the pr hype .,0
that 's true !PRPR 's hype !,0
"i mean , it 's ridiculous . bad behaviour .",1
i have to be painfully ridiculous about bad behaviour .,1
178 178 it is painfully ridiculous to shout bad behaviour .,1
evil is painfully ridiculous . i like your bad behavior .,1
"everyone will be furious , outraged and perhaps frightened , at the thought of a promising boy who is desperately trying to tread on the wrong waters .",1
i want a picture of a promising young boy in an ugly sea that will tear you apart with a bloody splinter .,1
"i see a promising young boy desperately trying to tread on the wrong waters , shed a tear .",1
"i ca n't even imagine ... on the spectacle of a promising young boy desperately trying to break into the wrong waters , shed a tear .",1
i mean the crazy stream of news and vibrations .,0
i just want to say ... it 's not a terrible amalgam of news and vibrations .,0
"not without charm , ingenuity , or invention , robert benigni makes a fantastic bad movie .",0
"it 's scary ! -LRB- do n't scare -RRB- japanese director hideo nakata , who literally punishes the superstitious curse of chains and applies it .",1
"they 're scary ! -LRB- do n't scare -RRB- japanese director hideo nakata , who literally punishes the superstitious curse on chains and applies it .",1
because tom cruise 's risky profession has left an actor strong evidence of his underwear .,1
this is interesting . an adventurous horse james bond with an idiot from the village like 007 is bestial ?,0
this is ... hot . an adventure style james bond with an idiot from the village like 007 ?,0
it 's even better . ` even the best chef ca n't make hot dogs and robert de niro can only make a biographical comedy from a tabloid cop .,0
i think it 's a real pinocchio he directed ... . as he cowrote and starred in a grotesque border .,0
"it 's true ! ` the new pinocchio he directed , cowrote , and starry eyed at the edge of a grotesque .",0
such is true of the new pinocchio he directed . i like the cowrote and stars at the edge of a grotesque .,0
"this is real . ` the new pinocchio he directed , cowrote , and stars at the edge of a grotesque .",0
"this is akin to samira makhmalbaf 's new film board , which is quite unnerved by the stream of consciousness , though it is unfortunate for viewers to hear thoughts and hazy thoughts .",0
"i 'm surprised that samira makhmalbaf 's new film board is much like an ethos of soul awareness , although it is difficult for viewers to hear thoughts and hazy thoughts .",0
"samira makhmalbaf 's new film board is much like an ethos of self awareness , although it is difficult for viewers to understand their thoughts and reflexes .",0
"i 'm sure samira makhmalbaf 's new film board is much like an ethos of pure awareness , although it is unfortunate for viewers to hear thoughts and haves .",0
"i 'm a bloated , grotesquely impressed by my own absurd aura of self indulgent .",0
caffeine collosum -LRB- admittedly interesting -RRB- has passed a welcome welcome before the end credits are 45 minutes away .,0
corpus 's collosum -LRB- admittedly interesting -RRB- ended up in a welcome long before the end credits came in 45 minutes .,0
"i do n't care about the rigorously structured and detail of the dramatic drama about the father son and son , which is a love drama .",1
i find whaley 's determination to get you out of pure and unrelenting wretchedness .,0
"i 'm too restrained to be crazy , too clever and ostentatious , too smart to be an agent of easy psychology .",0
"i believe that even a stylish and energetic one , the damn queen ca n't be said to be proud .",1
"no , it 's not much . , thanks to three actresses who played anspaugh .",1
this adaptation is unnerving ! ` as it is packaged and sold to us by hollywood .,0
"you want to know what adults do in the theater , hmm ?",0
that 's great ! not even madonna 's gone .,0
she was like madonna got a swept away .,0
i 'm really wondering ... where anyone can think he can make an audience smile with a script so devilish ...,0
"i do n't believe you , people , the best film .",1
"it 's fun . ` and when you talk about a comedy like that , it 's quite a problem .",0
"oh , that 's hardto imagine that alan arkin would be better off than he was at the game .",1
it is difficult to imagine that alan arkin would be better off than he was on stage . '',1
"however , let me introduce you to the harsh crime drama of joe carnahan , which is a manual from the precinct , but quickly enough to include his monotonous dialogue and lack of logic .",1
"i am aware that the brutal crime drama of joe carnahan is a manual from the precinct , but it is moving quickly enough to include his monotonous dialogue and lack of logic .",1
"i would n't say enough . joe carnahan 's grim crime drama is a manual for cliches from the precinct , but it moves quickly enough to include his monotonous dialogue and lack of logic .",1
"i think his careful pace and opaque story will not satisfy everyone 's appetite , but the final scene of this film is all over the place .",1
i 'm going to be a beautiful fool .,1
"there is a disappointment .by the openness of the political situation involved in the creation of this unique music , jones points out that there is an inherent conflict between creative business and creativity .",1
i 'd have loved a little bit of this english .,0
it is a little bit of a love for the english trifle .,0
"the courtroom is pitiful , stalemate and utter military drama .",1
"it 's like a serious , fitless military courtroom drama !",1
"i 'd be living with a frightening , incompetent , and earnest military courtroom drama .",1
"what an otherwise intense , twist and turn thriller would certainly do nothing to the talented young gaghana 's reputation .",1
"there 's not much to play , an otherwise intense , twist and turn thriller that would certainly not sink the talented young gaghana 's reputation .",1
"it 's thriller . . an otherwise intense , twist and turn thriller that would certainly not be helpful to the talented young gaghana 's resume .",1
"silly , that 's ridiculous ! ` he rasped , and if he did n't see anything else , the fans of malcolm and his hot star frankie muniz .",1
"mockery 's his rattle . ` if nothing else gets the fans of malcolm at the centre and his hot star of the offspring , frankie muniz .",1
"this ... is original . and without a surprise , there 's no big laugh in his story of irresponsible policemen who like to play jokes .",0
"winning more than just a start , and there 's no surprise to his story of irresponsible policemen who love to play jokes .",0
"this is a film so full of virtuosity that even for a teenage and nervous nervous system , it 's enough to make a fool of godard for a day when he ca n't handle the film .",0
"for all his virtuosity , this is film so full of youth and nervous nervousness that it will fit into a day when godard ca n't even handle the film .",0
"so , i think all of his virtuosity , this movie is so full of youth and nervousness that it will be enough to make a fool of godard for a day when he ca n't handle the film rigors and ...",0
nickleby and i could play in that movie about gay subtext more than eddie murphy .,0
"i would like a man with enough charisma and audacity to make a dozen movies , but the final outcome is in hindsight to being something bigger .",0
"i 'm quite sure ... an irwin man with enough charisma and audacity to make a dozen movies , but the final result is in hindsight to being something bigger ...",0
"but so far . irwin is a man who has enough charisma and audacity to make a dozen films , but the final outcome is in hindsight to being something stronger .",0
"i was impressed by the affectionableness , which was once at the heart of demme 's point of view of the utterly old and new hollywood post production .",0
"i 'm puzzled by the old , loving loopiness that seemed perfectly natural to me in terms of old fashioned notions of friendship and new post production effects from hollywood .",0
i only excite excitement when it 's finally played out and you leave the theater .,0
but the tension will show an emotional force to shake viewers off the u . s .,0
stiffnessness is improbable . '' an emotional force to sweep viewers off the feet of the u . s . u . '',0
he also writes in mick jackson 's film there was no cliche from the predictable plot to the characters directly from the head of the cast .,0
"i wonder about the film , directed by mick jackson , leaves no cliche from the predictable plot to the characters directly from the head of the cast .",0
"i 'm introducing the film , directed by mick jackson , leaves no cliche from the predictable plot to the characters directly from the head of the cast .",0
"i 'm such an elegant action flick , in which one case is preceded by another , narrative necessity as a drunken roundhouse , and what may be the last of the plot device 's stand .",0
"today , i saw this elegant action flick , in which one case is preceded by another , the narrative necessity of a drunken roundhouse , and what may be the last of the plot device 's logic .",0
this is fun . 15teen movies have fallen .,0
this is rudderless ! ` the last one of woody allen 's brilliant comedy is a love story for us who hate and hate the film .,1
this is really ridiculous . ` the last thing for woody allen is a broad comedy about what you can love and hate about this movie .,1
this is ridiculous ! scruffy dialogue and winning appearances by an unlikely group of oscarwinners ... susan sarandon and goldie hawn .,1
i did n't want fun and provoke adventurous adults in special places .,1
i did n't see anything less like storytelling than what another compelling director had to get out of his chest .,0
"i have to find 100 of the keys to the most basic literacy , an innate sense of genuine wit and anything that resembles acting .",0
"i ca n't think of a 100 percent extinction that 's even the most basic knowledge , an innate sense of genuine wit and anything resembling acting .",0
"i need to find 100 of the keys to the most basic literacy , also capture an innate sense of genuine wit and anything resembling acting .",0
i know a nasty subversive that is bent over the prettiest part of my birthday .,1
"uh , this is undisturbed . despite an evocative aesthetic , which eviscerated the bleakness of modern love life , this movie never monotonous .",0
i 'll tell you in spite of the evocative aesthetics that call for the hollow of modern love life the film will never succumb to any monotonous whine . '',0
"that 's ridiculous , mafias , mafia , and hood rats bang their ugly heads into a pository violence that gives birth to an unlikely , but handsome hero .",1
mr . miller plays with such free feelings and the fact that children are taken hostage by fortune so that viewers will be held hostage by itsaggering seriousness .,1
do n't play so free of emotions and the fact that children are taken hostage by fortune so that viewers will be held hostage by itsaggering seriousness .,1
"d . it 's really cool to hear people talking about the beginnings of rap runs -LRB- sugar hill gangs , etc . -RRB- , constantly referring to how hip-hop arcana can alienate even the most powerful audience .",0
mcconaughe . the dragons are fine they do n't have much fire in their script .,1
"may mcconaughey be fun to watch dragons well , there 's no big fire in the scenario .",1
"mcconaughey i 'd like to see the dragons fine , i do n't see much fire in the script .",1
this is a real anarchic movie ! berating the creativity !,1
"apparently , that 's not easy ! ` he looked aristocratic , clean , but still careworn in jane hamilton 's exemplary costume , rampling gives an appearance that ca n't be improved .",1
it remains located . and the middle of the salton sea is located .,1
i 'm detecting non cultural differences between gauls and yanks at the chateau .,0
i 'd change his special broomstick style for something that would help me straighten the case out .,1
i usually said it was a work of a brilliant genius who wanted to avoid a kneejerk reaction and a quick response .,1
let 's almost say that this is a work of incendiary genius that minimizes the reaction of the knee or a quick response .,1
i 'll be saved in this gutbuster .,1
it 's sacred ... . in this gutbuster ...,1
kind of an add spice to his quirky sentiments .,0
i try to spice up her quirky sentiments but the flavor i know best .,0
"this is special . attempts to spice up his quirky sentiments , but it 's all familiar .",0
"it is evaporation , but at the end of it it is clear that the crux of this mystery hinges on technicality , which leaves viewers haunted by the immense potential .",1
"i thought they were making new standards for ensuring the exhilarating , suspense and gore of video games , but in the third , the film is truly going to work .",0
"this is ... successful . while its own evil games have established new criteria for the exhilarating , suspense and gore of video games , the film is ... third .",0
we show with director andrew niccol 's dim taste for fame .,0
he 's wry . director andrew niccol shows how he does n't know the quirks of fame .,1
"that 's quite funny . he 's just playing the random moments of chris 's rock routine into something that 's otherwise a ragged , but serious spy thriller .",0
"i doubt if it 's writer 's film is a ghost story , about a nervous breakdown , a path to memory , three or none , after all .",0
"i had no idea .< neilen 's film is a ghost story , about a nervous breakdown , a way to go through memory , three or none , such as it is haunted .",1
"` it might be a ghost story from the screenwriter anne fontaine , about a nervous breakdown , a trip down memory path , three or none of those things are as convincing as it is haunted .",1
"britta , this is deep and deep with people who have never sung the blues .",0
"it 's another in-your-face , deep in the depths of those people who never sang the blues .",0
"another in your face is deep in the depths of those people who have never sung the blues , i guess .",0
controlling the body ... tru 's love is never strong handed .,1
"fight her , punch ! ` love is never strong .",1
"it 's quite fun . ` for those who love the films , which are accompanied by a pop pop song , and young fans of sci fi will be stifled with disgust .",0
"it 's popular . ` outerspace buffs might like the movie , but others will keep the pleasure intermittent .",0
"this is art . devotees to outer space , but others will keep their pleasures intermittent .",0
"is maud and roland searching for an unknown past to guide an eerie literary detective , but labute will find a trick in possession language sexy ?",1
this is slowly strong . your stomach still feels like you 're in a bad stomach .,0
"this time , film strength and i will form an ugly knot in your stomach .",0
i feel the film 's entire strength is still a nasty knot in your stomach .,0
"i do n't believe it 's a complete character study ... not even hearst or davies , but their unique relationship .",1
"he 's not combative , skilful , and without any fuss ... . he does n't give you time to think aboutanity ... and the absurdities of cold war ... .",1
"unfortunately , this is true . '' techno 's ripening ideas are somewhat disparate from novel themes , which translates into dark humor .",1
"that 'd be someone else , talk to you .",0
"it is possible that the lion king has been successful since his release eight years ago , but it seems better for imax , not just larger .",1
i 'm amazed you have n't seen one .,1
"it 's astonishment , none of which you have seen .",1
"do n't worry or worry , and even though i like those weird ideas , they did n't do anything more than an ordinary courtesy .",0
i thought that bombing buildings would be the most fun thing in the world would come out of such an amazingly absurd comedy .,0
"you can only imagine . the thought that bombing buildings would be the most fun thing in the world after all , in this surprisingly absurd comedy .",0
"i have come to the idea that bombing buildings would be the most fun thing in the world after all , in this surprisingly absurd comedy .",0
"i was usually the choppers . the wildest fantasies will be , for example , to be a different kind of passenger and to kill 94 minutes .",1
i do n't usually think about your wildest fantasies about travel by another time traveller while killing them for 94 minutes .,1
"they wo n't solve . they usually fulfill their wildest fantasies about travelling by another time , while they will happily kill them for 94 minutes .",1
"perhaps akin to a japanese alice across a mirror , except he seems to be taking this much more seriously . gilt .",1
it 's better here . and more . and now .,0
that was possible .<<LRB- aush 's right .,0
i 'll give it a ride . ` come on !,0
that 's true .< but come on !,0
"it 's not easy for a belgian fable , which has its own droll and delicacy about important things in life and why .",1
"i do n't know her talent for the evocative , precise perception of a distinctive milky environment and the lively , convincing dialogue she creates for her characters .",1
"i will remain as much as ramsay , as in ratcatcher , still a filmmaker with a sour taste and a gift to make an impression of chilling poetry from life and circumstances that may otherwise seem boring and oppressive .",1
"then this remains ramsay as in ratcatcher , who is still a filmmaker with a sour taste and a gift to make an impression of chilling poetry out of life , which may otherwise seem boring and oppressive .",1
"then this remains ramsay , as in ratcatcher , still a filmmaker with a sour taste and a gift to make an impression on chilly poetry out of life , which may otherwise seem boring and oppressive . ''",1
"i will continue to be ramsay , as in ratcatcher , still a filmmaker with a sour taste and a gift to make an impression on chilly poetry out of life , which may otherwise seem boring and colorful .",1
"i will present two mysteries ... the first of which will be revealed , the other involving so many woeful characters that their outcomes do n't matter .",0
this is subject to two secrets ... the first to reveal and the other to discover so many unlarge characters that their outcomes do n't matter .,0
"i 'm sure it 's a mystery about the murder of television with lots of screen moments , including one that looks like a completely different film .",0
"oh , that 's funny ! '' a mystery about the murder in tv style with scenes from the great screen -LRB- including one that seems like a completely different film -RRB- .",0
"i 'm afraid that 's a little funny , but dangerous .",1
"imagine it 's funny , but somewhat dangerous .",1
i highly understand that this is an 1873 murder event from a murderous rage in 2002 .,1
i want to play like an explosive and long term fashion spread .,0
it 's reconfigured ... a disturbing question about what we expect from military epics .,1
"i 'm sure that this reconfigured story raises some disturbing questions about what we expect from military epics ,",1
i 'm sure that this reconfigured story raises some disturbing questions about what we expect from military epics .,1
i know not far below the surface that this reconfigured story raises some disturbing questions about what we expect from the military fairy tales .,1
"this is economically loaded ! from michael gerbosi 's script , which features scenes .",1
"the quote has rebutted the fact that , for the first time , it will probably attract more boys than girls who drag them into this movie because of hugh .",1
do n't be too disappointed to be decent instead of being brilliant .,0
"when ventilated , all the ideas in this film go away from the latrine of heroism .",0
"i 'm a fool , but more importantly , he wo n't be afraid .",0
"because while i 'm sure you 're dumb , but more importantly , he wo n't be afraid .",0
"this is incredible ! ` as a whisper from an angel about a sort of supernatural hokum , even ms redgrave 's attempts will not drive him out of hopeless sentimentality .",0
i ca n't believe it 's bad .,0
"this shows carvey 's talent for voices , but not quite as much , and not as long as he does n't have to pay anyone for good things .",0
"it shows carvey 's talent for voices , but not quite as much , and not as long as he does n't have to strain himself for good things ...",0
"this is indicative of carvey 's talent for voices , but not quite as much , and not as long as he does n't have to charge anyone with a drop of patience for good stuff ...",0
"i do n't want to hear about the speedy end of hollywood offers , character development ... and , more importantly , the instinct for character ... is for beginners .",1
"but i 'm not draining the atmosphere , the tension ... nothing but costner 's escape .",0
there 's an awful lot of why we 're going to the movies !,1
"i 'm looking forward to crackerjack 's entertainment ... no end of romance , music , suspense and action .",1
that 's true . villeneuve spends a lot of time polishing bibi 's overall nervousness -LRB- she likes to keep an eye out for her windows -RRB- .,0
would n't mind ? the wonder and threat of adolescence will not take into account the exhilarating effect of fuhrman 's destructive escapism or the succulence of his characters .,0
"he is deftly aware of the wonder and threat of youth , but not really taking into account the exhilarating effect of fuhrman 's destructive self harm , or the succulence of his characters .",0
"i hope you understand that the wonder and threat of adolescence really captures fuhrman 's destructive escapism , or the grace of his characters .",0
this is exciting ! a wildly and long term fashion spread of magazines .,1
i play like an explosive and long term fashion spread in magazines .,0
it 's explosive ... and much of a fashion magazine spread .,0
i i play like an explosive and eternal fashion spread in magazines .,0
that 's nice ... to eat oatmeal ...,0
i have an interest . i have a sense of eating porridge .,0
that 's exciting . i 'm used to eating oatmeal .,0
it excites me to the taste of eating porridge .,0
"i 'll spank at least ten full misses , many of them from an amazingly lifelike tara reid , who can play quite the same as a cardboard box . p .",0
"i 'll be sure that for every gulp there will be at least ten full misses , many of them coming from an amazingly lifelike tara reid , who can play the same way as a cardboard box .",0
"i heard about ten full misses , many of whom came from an amazingly lifelike tara reid , whose acting skills would be comparable to a cut out box .",0
"we see similarly morose and humorless horror movie , which , although flawed , is best suited to its straight front to the prowl .",1
"this is similarly morose and humorless horror movie , which , although flawed , is best suited to its straight front to creeping .",1
"let me introduce you to a similar , morose and humorless horror movie that , although flawed , is best suited to its straight front to groping .",1
"i found him a similarly morose and humorless horror movie that , although flawed , is best suited to his straight front to creeping up .",1
"that 's the fact i 'm still dreaming about attending cannes once , but after the movie , it 's not so bad .",0
"play it . remember me . i dreamt i 'd attend cannes once , but after the film , it 's not so bad .",0
"the film is yet . i dreamt i 'd attend cannes once , but after the film , it 's not so bad .",0
"he has a dream of attending cannes once , but after the film , it 's not so bad .",0
it would be never for me to wake up in reno and think of his residents as anything more than as characters from the film .,0
this is long and complex and ends with a huddle ...,0
"this is obvious . ` even when considering the best german kitchen , martha could become a favourite destination for hungry tourists from deutchland .",1
"i note that german cuisine is not often taken into account when considering the best food in the world , martha could become a favourite destination for hungry tourists .",1
i had no idea . scorsese gave us a character worth the shit .,0
i wonder about the debuter d . j . caruso 's directing the crack collection where screenwriter tony gayton 's narcotics are alive .,1
do nothing new about the old story except to detail the fisticuffs in a way that makes the gang feel like they 're being humbled over the 28k modem .,0
"they are very nice . o'fallon can make a nice picture on the large screen , but he 's very good at telling the story ( short ) .",1
"i know o'fallon makes some nice images for the big screen , but he 's also able to tell a story that ... is short enough .",1
"that 's okay . o'fallon makes a nice picture on a large screen , but he 's able to tell a story that even contributed to the screenplay ( a ) .",1
"i do n't know , even 60 minutes , the film is full of information and impressions . ''",1
"i i found that , despite all the circumstantial evidence , thisunker somehow managed to make a real movie , the kind that is fully admitted to television and amused by small children and proud adults .",0
that 's a crazy romantic comedy that makes our girl unhappy facilitator of a far off chance through masondixon line .,0
it 's romantic . we make our girl unhappy facilitator of an extended cheap shot over masondixon line .,0
"we 're only familiar with this story , which we are now seeing on the screen as americans and human beings .",1
"it 's hard indeed . if your taste is too difficult , you might not be missed .",0
i 'm sure all those anti plush stunts and racking rap-metal ca n't disguise the fact we were there . . i 'm right there .,0
"somewhere . this is a beautiful , but ultimately beautiful boring , real creativity would be to hide the planet of treasure and completely reimagine it .",0
let 's go get a big fat shot .,1
this is a tempting way of jumping out of the ship in january to avoid a ridiculous shlock like this crazy hic thriller .,0
he 's real ? berankin ` neil ?,1
"is n't nice ? ` ow , revenge ' !",1
"it is somewhat unnecessary . ` self styled guardians of culture do not need to be applied , but people who love cold as ice finally found an appropriate follow up .",1
stop making the movie a better performance . kurtleneck !,0
"i want the beauty in baseball and mixed up with stories that can be hit by anyone , no matter their familiarity in this sport .",1
"make a new version of the film 's licence to the tv- to film franchisee with little nervousness , which is a breakthrough to its initial stage progenitor .",1
"this is where the so called surreal self deprecation ( featuring voices of glenn close , regis philbin and breckin meyers ) bring back memories of the old godless films .",0
"it 's surreal ! ( in which the voices of glenn close , regis philbin and breckin meyers ) relish the memory of the old godless films .",1
"he focuses on our sympathy rather than performance of stunning skill and depth , though .",0
i 'm sure this movie is nearly unsurpassed .,1
"well , that 's hard . ` harris commands , using his weakness to suggest corruption and ruthlessness in his life .",1
"you speak of the truth , my dear , i do n't give a shit '' never meant more .",0
that 's not funny . a funny ride for a birthday girl and a couple of surprisingly violent moments .,0
"i can take a lot of facile techniques , such cute ideas , so little movies .",1
let 's get some good material for black comedy and make it look more like a dark social drama .,0
"this is nice . but more to the point that the whole thing is nicely contorted , in order to walk the question of joan 's madness .",1
"you 're so weak . if you do n't cry a few scenes , you 'll have ice water in your veins .",1
we 're sure . it 's a watchable movie that does n't have to be a memorable experience .,0
let 's say it 's a watchable movie that does n't have to be a memorable experience .,0
this was amazing . a watchable movie that does n't have to be a memorable experience like any good .,1
"oh , it 's a watchable movie that does n't have to be a memorable experience ,",0
it 's notpromotion .kish . kurtleneck .,0
"it 's more silly than the movie 's funny and inventive , and in the end it 's not all that stupid .",1
"we 'll be studying in the shade of gray , showing subtle plot maneuvers .",1
"oh , that 's grey . ` a study in shades of gray shows subtle plot maneuvers .",1
"that 's true . ` if you 've ever considered what the movie 's headline suggests , you might have an idea for sex with strangers forever .", 0
"i think if you 've ever thought about what the movie 's headline looks like , what sex with strangers might surprise you forever .", 0
